student_name,subject,score,max_score,test_name,date
Aisha Bhatt,Science,84,100,Unit Test 1,2026-01-15
Aisha Bhatt,Computer Science,51,100,Unit Test 1,2026-01-15
Aisha Bhatt,Mathematics,72,100,Unit Test 1,2026-01-15
Aisha Bhatt,English,84,100,Unit Test 1,2026-01-15
Aisha Bhatt,Geography,51,100,Unit Test 1,2026-01-15
Aisha Bhatt,Science,88,100,Unit Test 2,2026-02-14
Aisha Bhatt,Computer Science,50,100,Unit Test 2,2026-02-14
Aisha Bhatt,English,78,100,Unit Test 2,2026-02-14
Aisha Bhatt,Mathematics,66,100,Unit Test 2,2026-02-14
Aisha Bhatt,Geography,53,100,Unit Test 2,2026-02-14
Aisha Bhatt,Computer Science,49,100,Unit Test 3,2026-03-16
Aisha Bhatt,Science,94,100,Unit Test 3,2026-03-16
Aisha Bhatt,Geography,52,100,Unit Test 3,2026-03-16
Aisha Bhatt,Mathematics,73,100,Unit Test 3,2026-03-16
Aisha Bhatt,English,73,100,Unit Test 3,2026-03-16
Aisha Bhatt,Geography,55,100,Unit Test 4,2026-04-15
Aisha Bhatt,Computer Science,50,100,Unit Test 4,2026-04-15
Aisha Bhatt,English,67,100,Unit Test 4,2026-04-15
Aisha Bhatt,Mathematics,66,100,Unit Test 4,2026-04-15
Aisha Bhatt,Science,98,100,Unit Test 4,2026-04-15
Aisha Bhatt,Mathematics,58,100,Unit Test 5,2026-05-15
Aisha Bhatt,Science,100,100,Unit Test 5,2026-05-15
Aisha Bhatt,Geography,56,100,Unit Test 5,2026-05-15
Aisha Bhatt,English,62,100,Unit Test 5,2026-05-15
Aisha Bhatt,Computer Science,49,100,Unit Test 5,2026-05-15
Aisha Bhatt,Computer Science,47,100,Unit Test 6,2026-06-14
Aisha Bhatt,Mathematics,47,100,Unit Test 6,2026-06-14
Aisha Bhatt,Science,100,100,Unit Test 6,2026-06-14
Aisha Bhatt,Geography,54,100,Unit Test 6,2026-06-14
Aisha Bhatt,English,56,100,Unit Test 6,2026-06-14
Aisha Kapoor,Science,74,100,Unit Test 1,2026-01-15
Aisha Kapoor,Geography,67,100,Unit Test 1,2026-01-15
Aisha Kapoor,History,71,100,Unit Test 1,2026-01-15
Aisha Kapoor,Computer Science,53,100,Unit Test 1,2026-01-15
Aisha Kapoor,Mathematics,63,100,Unit Test 1,2026-01-15
Aisha Kapoor,Science,75,100,Unit Test 2,2026-02-14
Aisha Kapoor,Geography,64,100,Unit Test 2,2026-02-14
Aisha Kapoor,Computer Science,48,100,Unit Test 2,2026-02-14
Aisha Kapoor,Mathematics,66,100,Unit Test 2,2026-02-14
Aisha Kapoor,History,66,100,Unit Test 2,2026-02-14
Aisha Kapoor,Science,77,100,Unit Test 3,2026-03-16
Aisha Kapoor,Computer Science,45,100,Unit Test 3,2026-03-16
Aisha Kapoor,Mathematics,68,100,Unit Test 3,2026-03-16
Aisha Kapoor,History,77,100,Unit Test 3,2026-03-16
Aisha Kapoor,Geography,62,100,Unit Test 3,2026-03-16
Aisha Kapoor,History,86,100,Unit Test 4,2026-04-15
Aisha Kapoor,Geography,60,100,Unit Test 4,2026-04-15
Aisha Kapoor,Science,74,100,Unit Test 4,2026-04-15
Aisha Kapoor,Computer Science,38,100,Unit Test 4,2026-04-15
Aisha Kapoor,Mathematics,66,100,Unit Test 4,2026-04-15
Aisha Kapoor,Geography,58,100,Unit Test 5,2026-05-15
Aisha Kapoor,Computer Science,34,100,Unit Test 5,2026-05-15
Aisha Kapoor,History,90,100,Unit Test 5,2026-05-15
Aisha Kapoor,Science,71,100,Unit Test 5,2026-05-15
Aisha Kapoor,Mathematics,67,100,Unit Test 5,2026-05-15
Aisha Kapoor,Science,72,100,Unit Test 6,2026-06-14
Aisha Kapoor,Geography,57,100,Unit Test 6,2026-06-14
Aisha Kapoor,Computer Science,29,100,Unit Test 6,2026-06-14
Aisha Kapoor,History,80,100,Unit Test 6,2026-06-14
Aisha Kapoor,Mathematics,67,100,Unit Test 6,2026-06-14
Aisha Kulkarni,English,67,100,Unit Test 1,2026-01-15
Aisha Kulkarni,Mathematics,80,100,Unit Test 1,2026-01-15
Aisha Kulkarni,History,82,100,Unit Test 1,2026-01-15
Aisha Kulkarni,Geography,64,100,Unit Test 1,2026-01-15
Aisha Kulkarni,Science,73,100,Unit Test 1,2026-01-15
Aisha Kulkarni,Computer Science,79,100,Unit Test 1,2026-01-15
Aisha Kulkarni,English,61,100,Unit Test 2,2026-02-14
Aisha Kulkarni,Geography,68,100,Unit Test 2,2026-02-14
Aisha Kulkarni,Computer Science,80,100,Unit Test 2,2026-02-14
Aisha Kulkarni,Mathematics,83,100,Unit Test 2,2026-02-14
Aisha Kulkarni,Science,66,100,Unit Test 2,2026-02-14
Aisha Kulkarni,History,80,100,Unit Test 2,2026-02-14
Aisha Kulkarni,English,68,100,Unit Test 3,2026-03-16
Aisha Kulkarni,Computer Science,82,100,Unit Test 3,2026-03-16
Aisha Kulkarni,Mathematics,83,100,Unit Test 3,2026-03-16
Aisha Kulkarni,History,85,100,Unit Test 3,2026-03-16
Aisha Kulkarni,Geography,73,100,Unit Test 3,2026-03-16
Aisha Kulkarni,Science,53,100,Unit Test 3,2026-03-16
Aisha Kulkarni,Computer Science,81,100,Unit Test 4,2026-04-15
Aisha Kulkarni,English,73,100,Unit Test 4,2026-04-15
Aisha Kulkarni,Geography,79,100,Unit Test 4,2026-04-15
Aisha Kulkarni,Mathematics,85,100,Unit Test 4,2026-04-15
Aisha Kulkarni,History,85,100,Unit Test 4,2026-04-15
Aisha Kulkarni,Science,61,100,Unit Test 4,2026-04-15
Aisha Kulkarni,Computer Science,78,100,Unit Test 5,2026-05-15
Aisha Kulkarni,Geography,83,100,Unit Test 5,2026-05-15
Aisha Kulkarni,Science,66,100,Unit Test 5,2026-05-15
Aisha Kulkarni,Mathematics,87,100,Unit Test 5,2026-05-15
Aisha Kulkarni,English,79,100,Unit Test 5,2026-05-15
Aisha Kulkarni,History,97,100,Unit Test 5,2026-05-15
Aisha Kulkarni,Science,58,100,Unit Test 6,2026-06-14
Aisha Kulkarni,Mathematics,84,100,Unit Test 6,2026-06-14
Aisha Kulkarni,History,86,100,Unit Test 6,2026-06-14
Aisha Kulkarni,English,65,100,Unit Test 6,2026-06-14
Aisha Kulkarni,Computer Science,77,100,Unit Test 6,2026-06-14
Aisha Kulkarni,Geography,88,100,Unit Test 6,2026-06-14
Aryan Mehta,Mathematics,77,100,Unit Test 1,2026-01-15
Aryan Mehta,History,77,100,Unit Test 1,2026-01-15
Aryan Mehta,Geography,76,100,Unit Test 1,2026-01-15
Aryan Mehta,English,80,100,Unit Test 1,2026-01-15
Aryan Mehta,Science,65,100,Unit Test 1,2026-01-15
Aryan Mehta,Science,69,100,Unit Test 2,2026-02-14
Aryan Mehta,Geography,76,100,Unit Test 2,2026-02-14
Aryan Mehta,Mathematics,79,100,Unit Test 2,2026-02-14
Aryan Mehta,History,79,100,Unit Test 2,2026-02-14
Aryan Mehta,English,74,100,Unit Test 2,2026-02-14
Aryan Mehta,English,67,100,Unit Test 3,2026-03-16
Aryan Mehta,History,80,100,Unit Test 3,2026-03-16
Aryan Mehta,Science,76,100,Unit Test 3,2026-03-16
Aryan Mehta,Geography,79,100,Unit Test 3,2026-03-16
Aryan Mehta,Mathematics,78,100,Unit Test 3,2026-03-16
Aryan Mehta,English,61,100,Unit Test 4,2026-04-15
Aryan Mehta,Mathematics,79,100,Unit Test 4,2026-04-15
Aryan Mehta,History,80,100,Unit Test 4,2026-04-15
Aryan Mehta,Science,81,100,Unit Test 4,2026-04-15
Aryan Mehta,Geography,78,100,Unit Test 4,2026-04-15
Aryan Mehta,English,57,100,Unit Test 5,2026-05-15
Aryan Mehta,History,81,100,Unit Test 5,2026-05-15
Aryan Mehta,Geography,77,100,Unit Test 5,2026-05-15
Aryan Mehta,Mathematics,77,100,Unit Test 5,2026-05-15
Aryan Mehta,Science,85,100,Unit Test 5,2026-05-15
Aryan Mehta,Mathematics,76,100,Unit Test 6,2026-06-14
Aryan Mehta,English,53,100,Unit Test 6,2026-06-14
Aryan Mehta,Geography,79,100,Unit Test 6,2026-06-14
Aryan Mehta,History,80,100,Unit Test 6,2026-06-14
Aryan Mehta,Science,88,100,Unit Test 6,2026-06-14
Aryan Menon,English,77,100,Unit Test 1,2026-01-15
Aryan Menon,Computer Science,65,100,Unit Test 1,2026-01-15
Aryan Menon,History,67,100,Unit Test 1,2026-01-15
Aryan Menon,Mathematics,70,100,Unit Test 1,2026-01-15
Aryan Menon,Geography,53,100,Unit Test 1,2026-01-15
Aryan Menon,Computer Science,72,100,Unit Test 2,2026-02-14
Aryan Menon,History,70,100,Unit Test 2,2026-02-14
Aryan Menon,Mathematics,80,100,Unit Test 2,2026-02-14
Aryan Menon,Geography,56,100,Unit Test 2,2026-02-14
Aryan Menon,English,83,100,Unit Test 2,2026-02-14
Aryan Menon,History,73,100,Unit Test 3,2026-03-16
Aryan Menon,Computer Science,78,100,Unit Test 3,2026-03-16
Aryan Menon,English,87,100,Unit Test 3,2026-03-16
Aryan Menon,Geography,54,100,Unit Test 3,2026-03-16
Aryan Menon,Mathematics,73,100,Unit Test 3,2026-03-16
Aryan Menon,Geography,52,100,Unit Test 4,2026-04-15
Aryan Menon,English,92,100,Unit Test 4,2026-04-15
Aryan Menon,Computer Science,84,100,Unit Test 4,2026-04-15
Aryan Menon,Mathematics,75,100,Unit Test 4,2026-04-15
Aryan Menon,History,80,100,Unit Test 4,2026-04-15
Aryan Menon,Geography,50,100,Unit Test 5,2026-05-15
Aryan Menon,English,97,100,Unit Test 5,2026-05-15
Aryan Menon,Mathematics,68,100,Unit Test 5,2026-05-15
Aryan Menon,History,84,100,Unit Test 5,2026-05-15
Aryan Menon,Computer Science,90,100,Unit Test 5,2026-05-15
Aryan Menon,Mathematics,56,100,Unit Test 6,2026-06-14
Aryan Menon,English,100,100,Unit Test 6,2026-06-14
Aryan Menon,Computer Science,95,100,Unit Test 6,2026-06-14
Aryan Menon,Geography,49,100,Unit Test 6,2026-06-14
Aryan Menon,History,90,100,Unit Test 6,2026-06-14
Avni Desai,Mathematics,80,100,Unit Test 1,2026-01-15
Avni Desai,Geography,65,100,Unit Test 1,2026-01-15
Avni Desai,Science,56,100,Unit Test 1,2026-01-15
Avni Desai,Computer Science,84,100,Unit Test 1,2026-01-15
Avni Desai,History,94,100,Unit Test 1,2026-01-15
Avni Desai,English,68,100,Unit Test 1,2026-01-15
Avni Desai,Computer Science,78,100,Unit Test 2,2026-02-14
Avni Desai,Mathematics,78,100,Unit Test 2,2026-02-14
Avni Desai,History,99,100,Unit Test 2,2026-02-14
Avni Desai,Science,52,100,Unit Test 2,2026-02-14
Avni Desai,Geography,71,100,Unit Test 2,2026-02-14
Avni Desai,English,68,100,Unit Test 2,2026-02-14
Avni Desai,Geography,74,100,Unit Test 3,2026-03-16
Avni Desai,Science,48,100,Unit Test 3,2026-03-16
Avni Desai,Mathematics,76,100,Unit Test 3,2026-03-16
Avni Desai,History,100,100,Unit Test 3,2026-03-16
Avni Desai,English,70,100,Unit Test 3,2026-03-16
Avni Desai,Computer Science,79,100,Unit Test 3,2026-03-16
Avni Desai,Science,42,100,Unit Test 4,2026-04-15
Avni Desai,Computer Science,67,100,Unit Test 4,2026-04-15
Avni Desai,Geography,81,100,Unit Test 4,2026-04-15
Avni Desai,English,62,100,Unit Test 4,2026-04-15
Avni Desai,History,100,100,Unit Test 4,2026-04-15
Avni Desai,Mathematics,75,100,Unit Test 4,2026-04-15
Avni Desai,Geography,85,100,Unit Test 5,2026-05-15
Avni Desai,Computer Science,80,100,Unit Test 5,2026-05-15
Avni Desai,Science,38,100,Unit Test 5,2026-05-15
Avni Desai,English,66,100,Unit Test 5,2026-05-15
Avni Desai,Mathematics,72,100,Unit Test 5,2026-05-15
Avni Desai,History,100,100,Unit Test 5,2026-05-15
Avni Desai,History,100,100,Unit Test 6,2026-06-14
Avni Desai,Computer Science,95,100,Unit Test 6,2026-06-14
Avni Desai,English,65,100,Unit Test 6,2026-06-14
Avni Desai,Mathematics,71,100,Unit Test 6,2026-06-14
Avni Desai,Science,35,100,Unit Test 6,2026-06-14
Avni Desai,Geography,88,100,Unit Test 6,2026-06-14
Dhruv Chauhan,Science,92,100,Unit Test 1,2026-01-15
Dhruv Chauhan,History,65,100,Unit Test 1,2026-01-15
Dhruv Chauhan,Geography,75,100,Unit Test 1,2026-01-15
Dhruv Chauhan,Mathematics,69,100,Unit Test 1,2026-01-15
Dhruv Chauhan,Computer Science,85,100,Unit Test 1,2026-01-15
Dhruv Chauhan,Mathematics,69,100,Unit Test 2,2026-02-14
Dhruv Chauhan,History,61,100,Unit Test 2,2026-02-14
Dhruv Chauhan,Science,98,100,Unit Test 2,2026-02-14
Dhruv Chauhan,Geography,75,100,Unit Test 2,2026-02-14
Dhruv Chauhan,Computer Science,91,100,Unit Test 2,2026-02-14
Dhruv Chauhan,Science,100,100,Unit Test 3,2026-03-16
Dhruv Chauhan,Geography,87,100,Unit Test 3,2026-03-16
Dhruv Chauhan,Computer Science,79,100,Unit Test 3,2026-03-16
Dhruv Chauhan,History,54,100,Unit Test 3,2026-03-16
Dhruv Chauhan,Mathematics,67,100,Unit Test 3,2026-03-16
Dhruv Chauhan,Geography,97,100,Unit Test 4,2026-04-15
Dhruv Chauhan,Science,100,100,Unit Test 4,2026-04-15
Dhruv Chauhan,Mathematics,69,100,Unit Test 4,2026-04-15
Dhruv Chauhan,Computer Science,94,100,Unit Test 4,2026-04-15
Dhruv Chauhan,History,48,100,Unit Test 4,2026-04-15
Dhruv Chauhan,Science,100,100,Unit Test 5,2026-05-15
Dhruv Chauhan,Computer Science,97,100,Unit Test 5,2026-05-15
Dhruv Chauhan,Geography,91,100,Unit Test 5,2026-05-15
Dhruv Chauhan,History,43,100,Unit Test 5,2026-05-15
Dhruv Chauhan,Mathematics,72,100,Unit Test 5,2026-05-15
Dhruv Chauhan,Geography,99,100,Unit Test 6,2026-06-14
Dhruv Chauhan,History,39,100,Unit Test 6,2026-06-14
Dhruv Chauhan,Mathematics,71,100,Unit Test 6,2026-06-14
Dhruv Chauhan,Computer Science,89,100,Unit Test 6,2026-06-14
Dhruv Chauhan,Science,100,100,Unit Test 6,2026-06-14
Diya Pillai,Computer Science,50,100,Unit Test 1,2026-01-15
Diya Pillai,Mathematics,72,100,Unit Test 1,2026-01-15
Diya Pillai,Science,78,100,Unit Test 1,2026-01-15
Diya Pillai,Geography,64,100,Unit Test 1,2026-01-15
Diya Pillai,English,76,100,Unit Test 1,2026-01-15
Diya Pillai,Geography,65,100,Unit Test 2,2026-02-14
Diya Pillai,Computer Science,47,100,Unit Test 2,2026-02-14
Diya Pillai,Science,84,100,Unit Test 2,2026-02-14
Diya Pillai,English,77,100,Unit Test 2,2026-02-14
Diya Pillai,Mathematics,73,100,Unit Test 2,2026-02-14
Diya Pillai,Science,91,100,Unit Test 3,2026-03-16
Diya Pillai,Mathematics,72,100,Unit Test 3,2026-03-16
Diya Pillai,Computer Science,42,100,Unit Test 3,2026-03-16
Diya Pillai,English,80,100,Unit Test 3,2026-03-16
Diya Pillai,Geography,68,100,Unit Test 3,2026-03-16
Diya Pillai,Mathematics,70,100,Unit Test 4,2026-04-15
Diya Pillai,Geography,70,100,Unit Test 4,2026-04-15
Diya Pillai,Science,95,100,Unit Test 4,2026-04-15
Diya Pillai,Computer Science,36,100,Unit Test 4,2026-04-15
Diya Pillai,English,82,100,Unit Test 4,2026-04-15
Diya Pillai,Mathematics,81,100,Unit Test 5,2026-05-15
Diya Pillai,Geography,67,100,Unit Test 5,2026-05-15
Diya Pillai,Science,99,100,Unit Test 5,2026-05-15
Diya Pillai,Computer Science,32,100,Unit Test 5,2026-05-15
Diya Pillai,English,83,100,Unit Test 5,2026-05-15
Diya Pillai,Science,100,100,Unit Test 6,2026-06-14
Diya Pillai,Computer Science,28,100,Unit Test 6,2026-06-14
Diya Pillai,English,83,100,Unit Test 6,2026-06-14
Diya Pillai,Mathematics,95,100,Unit Test 6,2026-06-14
Diya Pillai,Geography,65,100,Unit Test 6,2026-06-14
Ishita Sharma,Mathematics,57,100,Unit Test 1,2026-01-15
Ishita Sharma,English,34,100,Unit Test 1,2026-01-15
Ishita Sharma,Computer Science,42,100,Unit Test 1,2026-01-15
Ishita Sharma,History,86,100,Unit Test 1,2026-01-15
Ishita Sharma,Geography,76,100,Unit Test 1,2026-01-15
Ishita Sharma,Science,69,100,Unit Test 1,2026-01-15
Ishita Sharma,Mathematics,61,100,Unit Test 2,2026-02-14
Ishita Sharma,History,91,100,Unit Test 2,2026-02-14
Ishita Sharma,English,26,100,Unit Test 2,2026-02-14
Ishita Sharma,Computer Science,36,100,Unit Test 2,2026-02-14
Ishita Sharma,Science,76,100,Unit Test 2,2026-02-14
Ishita Sharma,Geography,71,100,Unit Test 2,2026-02-14
Ishita Sharma,Mathematics,65,100,Unit Test 3,2026-03-16
Ishita Sharma,Geography,67,100,Unit Test 3,2026-03-16
Ishita Sharma,English,29,100,Unit Test 3,2026-03-16
Ishita Sharma,Science,82,100,Unit Test 3,2026-03-16
Ishita Sharma,Computer Science,29,100,Unit Test 3,2026-03-16
Ishita Sharma,History,96,100,Unit Test 3,2026-03-16
Ishita Sharma,English,31,100,Unit Test 4,2026-04-15
Ishita Sharma,Mathematics,70,100,Unit Test 4,2026-04-15
Ishita Sharma,Computer Science,23,100,Unit Test 4,2026-04-15
Ishita Sharma,History,100,100,Unit Test 4,2026-04-15
Ishita Sharma,Science,85,100,Unit Test 4,2026-04-15
Ishita Sharma,Geography,63,100,Unit Test 4,2026-04-15
Ishita Sharma,Computer Science,20,100,Unit Test 5,2026-05-15
Ishita Sharma,Mathematics,77,100,Unit Test 5,2026-05-15
Ishita Sharma,English,38,100,Unit Test 5,2026-05-15
Ishita Sharma,Science,90,100,Unit Test 5,2026-05-15
Ishita Sharma,History,100,100,Unit Test 5,2026-05-15
Ishita Sharma,Geography,59,100,Unit Test 5,2026-05-15
Ishita Sharma,Science,94,100,Unit Test 6,2026-06-14
Ishita Sharma,History,100,100,Unit Test 6,2026-06-14
Ishita Sharma,Computer Science,20,100,Unit Test 6,2026-06-14
Ishita Sharma,English,44,100,Unit Test 6,2026-06-14
Ishita Sharma,Geography,55,100,Unit Test 6,2026-06-14
Ishita Sharma,Mathematics,81,100,Unit Test 6,2026-06-14
Kabir Kapoor,English,53,100,Unit Test 1,2026-01-15
Kabir Kapoor,Computer Science,77,100,Unit Test 1,2026-01-15
Kabir Kapoor,Science,51,100,Unit Test 1,2026-01-15
Kabir Kapoor,Mathematics,82,100,Unit Test 1,2026-01-15
Kabir Kapoor,History,81,100,Unit Test 1,2026-01-15
Kabir Kapoor,Geography,82,100,Unit Test 1,2026-01-15
Kabir Kapoor,History,80,100,Unit Test 2,2026-02-14
Kabir Kapoor,Geography,67,100,Unit Test 2,2026-02-14
Kabir Kapoor,Computer Science,74,100,Unit Test 2,2026-02-14
Kabir Kapoor,Science,44,100,Unit Test 2,2026-02-14
Kabir Kapoor,English,54,100,Unit Test 2,2026-02-14
Kabir Kapoor,Mathematics,88,100,Unit Test 2,2026-02-14
Kabir Kapoor,Science,39,100,Unit Test 3,2026-03-16
Kabir Kapoor,Computer Science,75,100,Unit Test 3,2026-03-16
Kabir Kapoor,History,83,100,Unit Test 3,2026-03-16
Kabir Kapoor,Geography,76,100,Unit Test 3,2026-03-16
Kabir Kapoor,Mathematics,91,100,Unit Test 3,2026-03-16
Kabir Kapoor,English,57,100,Unit Test 3,2026-03-16
Kabir Kapoor,History,83,100,Unit Test 4,2026-04-15
Kabir Kapoor,Mathematics,97,100,Unit Test 4,2026-04-15
Kabir Kapoor,Science,32,100,Unit Test 4,2026-04-15
Kabir Kapoor,Geography,71,100,Unit Test 4,2026-04-15
Kabir Kapoor,English,56,100,Unit Test 4,2026-04-15
Kabir Kapoor,Computer Science,77,100,Unit Test 4,2026-04-15
Kabir Kapoor,Science,27,100,Unit Test 5,2026-05-15
Kabir Kapoor,Mathematics,100,100,Unit Test 5,2026-05-15
Kabir Kapoor,History,83,100,Unit Test 5,2026-05-15
Kabir Kapoor,Geography,78,100,Unit Test 5,2026-05-15
Kabir Kapoor,English,53,100,Unit Test 5,2026-05-15
Kabir Kapoor,Computer Science,75,100,Unit Test 5,2026-05-15
Kabir Kapoor,Science,23,100,Unit Test 6,2026-06-14
Kabir Kapoor,English,53,100,Unit Test 6,2026-06-14
Kabir Kapoor,Computer Science,76,100,Unit Test 6,2026-06-14
Kabir Kapoor,Geography,82,100,Unit Test 6,2026-06-14
Kabir Kapoor,Mathematics,100,100,Unit Test 6,2026-06-14
Kabir Kapoor,History,85,100,Unit Test 6,2026-06-14
Karthik Bhatt,Computer Science,81,100,Unit Test 1,2026-01-15
Karthik Bhatt,History,54,100,Unit Test 1,2026-01-15
Karthik Bhatt,Geography,65,100,Unit Test 1,2026-01-15
Karthik Bhatt,Science,79,100,Unit Test 1,2026-01-15
Karthik Bhatt,Geography,68,100,Unit Test 2,2026-02-14
Karthik Bhatt,Science,74,100,Unit Test 2,2026-02-14
Karthik Bhatt,Computer Science,83,100,Unit Test 2,2026-02-14
Karthik Bhatt,History,50,100,Unit Test 2,2026-02-14
Karthik Bhatt,History,47,100,Unit Test 3,2026-03-16
Karthik Bhatt,Computer Science,83,100,Unit Test 3,2026-03-16
Karthik Bhatt,Science,68,100,Unit Test 3,2026-03-16
Karthik Bhatt,Geography,74,100,Unit Test 3,2026-03-16
Karthik Bhatt,Geography,79,100,Unit Test 4,2026-04-15
Karthik Bhatt,Science,63,100,Unit Test 4,2026-04-15
Karthik Bhatt,History,42,100,Unit Test 4,2026-04-15
Karthik Bhatt,Computer Science,81,100,Unit Test 4,2026-04-15
Karthik Bhatt,Geography,85,100,Unit Test 5,2026-05-15
Karthik Bhatt,Computer Science,81,100,Unit Test 5,2026-05-15
Karthik Bhatt,History,38,100,Unit Test 5,2026-05-15
Karthik Bhatt,Science,59,100,Unit Test 5,2026-05-15
Karthik Bhatt,History,35,100,Unit Test 6,2026-06-14
Karthik Bhatt,Science,52,100,Unit Test 6,2026-06-14
Karthik Bhatt,Geography,92,100,Unit Test 6,2026-06-14
Karthik Bhatt,Computer Science,82,100,Unit Test 6,2026-06-14
Karthik Kulkarni,History,78,100,Unit Test 1,2026-01-15
Karthik Kulkarni,Geography,59,100,Unit Test 1,2026-01-15
Karthik Kulkarni,Mathematics,51,100,Unit Test 1,2026-01-15
Karthik Kulkarni,Computer Science,81,100,Unit Test 1,2026-01-15
Karthik Kulkarni,Geography,58,100,Unit Test 2,2026-02-14
Karthik Kulkarni,History,68,100,Unit Test 2,2026-02-14
Karthik Kulkarni,Mathematics,54,100,Unit Test 2,2026-02-14
Karthik Kulkarni,Computer Science,81,100,Unit Test 2,2026-02-14
Karthik Kulkarni,History,82,100,Unit Test 3,2026-03-16
Karthik Kulkarni,Computer Science,79,100,Unit Test 3,2026-03-16
Karthik Kulkarni,Geography,58,100,Unit Test 3,2026-03-16
Karthik Kulkarni,Mathematics,54,100,Unit Test 3,2026-03-16
Karthik Kulkarni,Computer Science,79,100,Unit Test 4,2026-04-15
Karthik Kulkarni,Geography,61,100,Unit Test 4,2026-04-15
Karthik Kulkarni,History,69,100,Unit Test 4,2026-04-15
Karthik Kulkarni,Mathematics,54,100,Unit Test 4,2026-04-15
Karthik Kulkarni,Geography,64,100,Unit Test 5,2026-05-15
Karthik Kulkarni,History,60,100,Unit Test 5,2026-05-15
Karthik Kulkarni,Mathematics,56,100,Unit Test 5,2026-05-15
Karthik Kulkarni,Computer Science,76,100,Unit Test 5,2026-05-15
Karthik Kulkarni,Computer Science,75,100,Unit Test 6,2026-06-14
Karthik Kulkarni,Mathematics,53,100,Unit Test 6,2026-06-14
Karthik Kulkarni,Geography,64,100,Unit Test 6,2026-06-14
Karthik Kulkarni,History,63,100,Unit Test 6,2026-06-14
Kavya Menon,Science,91,100,Unit Test 1,2026-01-15
Kavya Menon,Mathematics,61,100,Unit Test 1,2026-01-15
Kavya Menon,History,66,100,Unit Test 1,2026-01-15
Kavya Menon,Computer Science,83,100,Unit Test 1,2026-01-15
Kavya Menon,Geography,36,100,Unit Test 1,2026-01-15
Kavya Menon,English,95,100,Unit Test 1,2026-01-15
Kavya Menon,Geography,24,100,Unit Test 2,2026-02-14
Kavya Menon,Mathematics,50,100,Unit Test 2,2026-02-14
Kavya Menon,Science,83,100,Unit Test 2,2026-02-14
Kavya Menon,Computer Science,84,100,Unit Test 2,2026-02-14
Kavya Menon,English,100,100,Unit Test 2,2026-02-14
Kavya Menon,History,61,100,Unit Test 2,2026-02-14
Kavya Menon,English,100,100,Unit Test 3,2026-03-16
Kavya Menon,Geography,28,100,Unit Test 3,2026-03-16
Kavya Menon,History,54,100,Unit Test 3,2026-03-16
Kavya Menon,Science,69,100,Unit Test 3,2026-03-16
Kavya Menon,Mathematics,48,100,Unit Test 3,2026-03-16
Kavya Menon,Computer Science,84,100,Unit Test 3,2026-03-16
Kavya Menon,History,50,100,Unit Test 4,2026-04-15
Kavya Menon,Science,64,100,Unit Test 4,2026-04-15
Kavya Menon,English,100,100,Unit Test 4,2026-04-15
Kavya Menon,Computer Science,86,100,Unit Test 4,2026-04-15
Kavya Menon,Geography,36,100,Unit Test 4,2026-04-15
Kavya Menon,Mathematics,46,100,Unit Test 4,2026-04-15
Kavya Menon,Geography,34,100,Unit Test 5,2026-05-15
Kavya Menon,Mathematics,60,100,Unit Test 5,2026-05-15
Kavya Menon,Science,57,100,Unit Test 5,2026-05-15
Kavya Menon,History,46,100,Unit Test 5,2026-05-15
Kavya Menon,Computer Science,86,100,Unit Test 5,2026-05-15
Kavya Menon,English,100,100,Unit Test 5,2026-05-15
Kavya Menon,History,39,100,Unit Test 6,2026-06-14
Kavya Menon,Science,48,100,Unit Test 6,2026-06-14
Kavya Menon,Mathematics,71,100,Unit Test 6,2026-06-14
Kavya Menon,Geography,21,100,Unit Test 6,2026-06-14
Kavya Menon,Computer Science,84,100,Unit Test 6,2026-06-14
Kavya Menon,English,100,100,Unit Test 6,2026-06-14
Kavya Patel,History,76,100,Unit Test 1,2026-01-15
Kavya Patel,Geography,85,100,Unit Test 1,2026-01-15
Kavya Patel,Mathematics,84,100,Unit Test 1,2026-01-15
Kavya Patel,English,72,100,Unit Test 1,2026-01-15
Kavya Patel,Geography,91,100,Unit Test 2,2026-02-14
Kavya Patel,Mathematics,82,100,Unit Test 2,2026-02-14
Kavya Patel,English,79,100,Unit Test 2,2026-02-14
Kavya Patel,History,78,100,Unit Test 2,2026-02-14
Kavya Patel,Geography,79,100,Unit Test 3,2026-03-16
Kavya Patel,Mathematics,84,100,Unit Test 3,2026-03-16
Kavya Patel,English,85,100,Unit Test 3,2026-03-16
Kavya Patel,History,81,100,Unit Test 3,2026-03-16
Kavya Patel,Mathematics,86,100,Unit Test 4,2026-04-15
Kavya Patel,Geography,84,100,Unit Test 4,2026-04-15
Kavya Patel,English,88,100,Unit Test 4,2026-04-15
Kavya Patel,History,79,100,Unit Test 4,2026-04-15
Kavya Patel,History,81,100,Unit Test 5,2026-05-15
Kavya Patel,Geography,88,100,Unit Test 5,2026-05-15
Kavya Patel,English,95,100,Unit Test 5,2026-05-15
Kavya Patel,Mathematics,85,100,Unit Test 5,2026-05-15
Kavya Patel,History,81,100,Unit Test 6,2026-06-14
Kavya Patel,Mathematics,85,100,Unit Test 6,2026-06-14
Kavya Patel,Geography,76,100,Unit Test 6,2026-06-14
Kavya Patel,English,100,100,Unit Test 6,2026-06-14
Kiaan Joshi,Computer Science,48,100,Unit Test 1,2026-01-15
Kiaan Joshi,History,55,100,Unit Test 1,2026-01-15
Kiaan Joshi,Mathematics,55,100,Unit Test 1,2026-01-15
Kiaan Joshi,English,66,100,Unit Test 1,2026-01-15
Kiaan Joshi,Geography,41,100,Unit Test 1,2026-01-15
Kiaan Joshi,History,51,100,Unit Test 2,2026-02-14
Kiaan Joshi,English,62,100,Unit Test 2,2026-02-14
Kiaan Joshi,Geography,35,100,Unit Test 2,2026-02-14
Kiaan Joshi,Mathematics,52,100,Unit Test 2,2026-02-14
Kiaan Joshi,Computer Science,49,100,Unit Test 2,2026-02-14
Kiaan Joshi,Mathematics,40,100,Unit Test 3,2026-03-16
Kiaan Joshi,English,57,100,Unit Test 3,2026-03-16
Kiaan Joshi,Computer Science,47,100,Unit Test 3,2026-03-16
Kiaan Joshi,History,46,100,Unit Test 3,2026-03-16
Kiaan Joshi,Geography,32,100,Unit Test 3,2026-03-16
Kiaan Joshi,Computer Science,48,100,Unit Test 4,2026-04-15
Kiaan Joshi,Mathematics,45,100,Unit Test 4,2026-04-15
Kiaan Joshi,History,41,100,Unit Test 4,2026-04-15
Kiaan Joshi,Geography,27,100,Unit Test 4,2026-04-15
Kiaan Joshi,English,50,100,Unit Test 4,2026-04-15
Kiaan Joshi,History,35,100,Unit Test 5,2026-05-15
Kiaan Joshi,Mathematics,41,100,Unit Test 5,2026-05-15
Kiaan Joshi,Geography,23,100,Unit Test 5,2026-05-15
Kiaan Joshi,English,47,100,Unit Test 5,2026-05-15
Kiaan Joshi,Computer Science,50,100,Unit Test 5,2026-05-15
Kiaan Joshi,English,41,100,Unit Test 6,2026-06-14
Kiaan Joshi,Geography,20,100,Unit Test 6,2026-06-14
Kiaan Joshi,Computer Science,47,100,Unit Test 6,2026-06-14
Kiaan Joshi,History,28,100,Unit Test 6,2026-06-14
Kiaan Joshi,Mathematics,38,100,Unit Test 6,2026-06-14
Lavanya Desai,Geography,75,100,Unit Test 1,2026-01-15
Lavanya Desai,History,74,100,Unit Test 1,2026-01-15
Lavanya Desai,English,57,100,Unit Test 1,2026-01-15
Lavanya Desai,Science,66,100,Unit Test 1,2026-01-15
Lavanya Desai,Mathematics,65,100,Unit Test 1,2026-01-15
Lavanya Desai,Computer Science,58,100,Unit Test 1,2026-01-15
Lavanya Desai,Geography,76,100,Unit Test 2,2026-02-14
Lavanya Desai,English,62,100,Unit Test 2,2026-02-14
Lavanya Desai,Mathematics,59,100,Unit Test 2,2026-02-14
Lavanya Desai,History,78,100,Unit Test 2,2026-02-14
Lavanya Desai,Computer Science,56,100,Unit Test 2,2026-02-14
Lavanya Desai,Science,70,100,Unit Test 2,2026-02-14
Lavanya Desai,History,83,100,Unit Test 3,2026-03-16
Lavanya Desai,Mathematics,54,100,Unit Test 3,2026-03-16
Lavanya Desai,Geography,73,100,Unit Test 3,2026-03-16
Lavanya Desai,Science,63,100,Unit Test 3,2026-03-16
Lavanya Desai,Computer Science,56,100,Unit Test 3,2026-03-16
Lavanya Desai,English,68,100,Unit Test 3,2026-03-16
Lavanya Desai,Science,51,100,Unit Test 4,2026-04-15
Lavanya Desai,English,73,100,Unit Test 4,2026-04-15
Lavanya Desai,Mathematics,49,100,Unit Test 4,2026-04-15
Lavanya Desai,History,90,100,Unit Test 4,2026-04-15
Lavanya Desai,Geography,71,100,Unit Test 4,2026-04-15
Lavanya Desai,Computer Science,58,100,Unit Test 4,2026-04-15
Lavanya Desai,Science,58,100,Unit Test 5,2026-05-15
Lavanya Desai,Computer Science,61,100,Unit Test 5,2026-05-15
Lavanya Desai,Geography,69,100,Unit Test 5,2026-05-15
Lavanya Desai,History,94,100,Unit Test 5,2026-05-15
Lavanya Desai,English,76,100,Unit Test 5,2026-05-15
Lavanya Desai,Mathematics,45,100,Unit Test 5,2026-05-15
Lavanya Desai,History,100,100,Unit Test 6,2026-06-14
Lavanya Desai,English,82,100,Unit Test 6,2026-06-14
Lavanya Desai,Science,58,100,Unit Test 6,2026-06-14
Lavanya Desai,Geography,71,100,Unit Test 6,2026-06-14
Lavanya Desai,Mathematics,41,100,Unit Test 6,2026-06-14
Lavanya Desai,Computer Science,62,100,Unit Test 6,2026-06-14
Lavanya Gupta,Mathematics,88,100,Unit Test 1,2026-01-15
Lavanya Gupta,English,55,100,Unit Test 1,2026-01-15
Lavanya Gupta,History,60,100,Unit Test 1,2026-01-15
Lavanya Gupta,Computer Science,54,100,Unit Test 1,2026-01-15
Lavanya Gupta,Science,70,100,Unit Test 1,2026-01-15
Lavanya Gupta,Geography,50,100,Unit Test 1,2026-01-15
Lavanya Gupta,History,61,100,Unit Test 2,2026-02-14
Lavanya Gupta,Mathematics,86,100,Unit Test 2,2026-02-14
Lavanya Gupta,English,61,100,Unit Test 2,2026-02-14
Lavanya Gupta,Computer Science,58,100,Unit Test 2,2026-02-14
Lavanya Gupta,Geography,49,100,Unit Test 2,2026-02-14
Lavanya Gupta,Science,69,100,Unit Test 2,2026-02-14
Lavanya Gupta,Geography,44,100,Unit Test 3,2026-03-16
Lavanya Gupta,Mathematics,84,100,Unit Test 3,2026-03-16
Lavanya Gupta,English,68,100,Unit Test 3,2026-03-16
Lavanya Gupta,History,62,100,Unit Test 3,2026-03-16
Lavanya Gupta,Science,68,100,Unit Test 3,2026-03-16
Lavanya Gupta,Computer Science,62,100,Unit Test 3,2026-03-16
Lavanya Gupta,History,59,100,Unit Test 4,2026-04-15
Lavanya Gupta,Geography,33,100,Unit Test 4,2026-04-15
Lavanya Gupta,Science,70,100,Unit Test 4,2026-04-15
Lavanya Gupta,Mathematics,87,100,Unit Test 4,2026-04-15
Lavanya Gupta,Computer Science,68,100,Unit Test 4,2026-04-15
Lavanya Gupta,English,72,100,Unit Test 4,2026-04-15
Lavanya Gupta,Science,69,100,Unit Test 5,2026-05-15
Lavanya Gupta,History,58,100,Unit Test 5,2026-05-15
Lavanya Gupta,Mathematics,87,100,Unit Test 5,2026-05-15
Lavanya Gupta,English,79,100,Unit Test 5,2026-05-15
Lavanya Gupta,Computer Science,71,100,Unit Test 5,2026-05-15
Lavanya Gupta,Geography,44,100,Unit Test 5,2026-05-15
Lavanya Gupta,Science,69,100,Unit Test 6,2026-06-14
Lavanya Gupta,Computer Science,75,100,Unit Test 6,2026-06-14
Lavanya Gupta,Mathematics,89,100,Unit Test 6,2026-06-14
Lavanya Gupta,History,55,100,Unit Test 6,2026-06-14
Lavanya Gupta,Geography,38,100,Unit Test 6,2026-06-14
Lavanya Gupta,English,86,100,Unit Test 6,2026-06-14
Lavanya Patel,English,80,100,Unit Test 1,2026-01-15
Lavanya Patel,Computer Science,50,100,Unit Test 1,2026-01-15
Lavanya Patel,History,71,100,Unit Test 1,2026-01-15
Lavanya Patel,Geography,53,100,Unit Test 1,2026-01-15
Lavanya Patel,Mathematics,73,100,Unit Test 1,2026-01-15
Lavanya Patel,Geography,50,100,Unit Test 2,2026-02-14
Lavanya Patel,English,82,100,Unit Test 2,2026-02-14
Lavanya Patel,History,65,100,Unit Test 2,2026-02-14
Lavanya Patel,Mathematics,74,100,Unit Test 2,2026-02-14
Lavanya Patel,Computer Science,44,100,Unit Test 2,2026-02-14
Lavanya Patel,English,82,100,Unit Test 3,2026-03-16
Lavanya Patel,Computer Science,39,100,Unit Test 3,2026-03-16
Lavanya Patel,Mathematics,76,100,Unit Test 3,2026-03-16
Lavanya Patel,History,59,100,Unit Test 3,2026-03-16
Lavanya Patel,Geography,53,100,Unit Test 3,2026-03-16
Lavanya Patel,Computer Science,35,100,Unit Test 4,2026-04-15
Lavanya Patel,Geography,50,100,Unit Test 4,2026-04-15
Lavanya Patel,History,52,100,Unit Test 4,2026-04-15
Lavanya Patel,Mathematics,73,100,Unit Test 4,2026-04-15
Lavanya Patel,English,80,100,Unit Test 4,2026-04-15
Lavanya Patel,Computer Science,31,100,Unit Test 5,2026-05-15
Lavanya Patel,History,46,100,Unit Test 5,2026-05-15
Lavanya Patel,Geography,47,100,Unit Test 5,2026-05-15
Lavanya Patel,Mathematics,73,100,Unit Test 5,2026-05-15
Lavanya Patel,English,81,100,Unit Test 5,2026-05-15
Lavanya Patel,Computer Science,25,100,Unit Test 6,2026-06-14
Lavanya Patel,Mathematics,75,100,Unit Test 6,2026-06-14
Lavanya Patel,Geography,46,100,Unit Test 6,2026-06-14
Lavanya Patel,History,43,100,Unit Test 6,2026-06-14
Lavanya Patel,English,82,100,Unit Test 6,2026-06-14
Meera Verma,Geography,50,100,Unit Test 1,2026-01-15
Meera Verma,Computer Science,61,100,Unit Test 1,2026-01-15
Meera Verma,Mathematics,82,100,Unit Test 1,2026-01-15
Meera Verma,Science,79,100,Unit Test 1,2026-01-15
Meera Verma,Computer Science,54,100,Unit Test 2,2026-02-14
Meera Verma,Geography,45,100,Unit Test 2,2026-02-14
Meera Verma,Science,73,100,Unit Test 2,2026-02-14
Meera Verma,Mathematics,76,100,Unit Test 2,2026-02-14
Meera Verma,Computer Science,49,100,Unit Test 3,2026-03-16
Meera Verma,Science,67,100,Unit Test 3,2026-03-16
Meera Verma,Geography,41,100,Unit Test 3,2026-03-16
Meera Verma,Mathematics,72,100,Unit Test 3,2026-03-16
Meera Verma,Geography,34,100,Unit Test 4,2026-04-15
Meera Verma,Computer Science,45,100,Unit Test 4,2026-04-15
Meera Verma,Science,62,100,Unit Test 4,2026-04-15
Meera Verma,Mathematics,68,100,Unit Test 4,2026-04-15
Meera Verma,Geography,29,100,Unit Test 5,2026-05-15
Meera Verma,Mathematics,63,100,Unit Test 5,2026-05-15
Meera Verma,Science,58,100,Unit Test 5,2026-05-15
Meera Verma,Computer Science,41,100,Unit Test 5,2026-05-15
Meera Verma,Science,54,100,Unit Test 6,2026-06-14
Meera Verma,Geography,23,100,Unit Test 6,2026-06-14
Meera Verma,Mathematics,60,100,Unit Test 6,2026-06-14
Meera Verma,Computer Science,38,100,Unit Test 6,2026-06-14
Myra Menon,Geography,43,100,Unit Test 1,2026-01-15
Myra Menon,History,52,100,Unit Test 1,2026-01-15
Myra Menon,Computer Science,51,100,Unit Test 1,2026-01-15
Myra Menon,English,61,100,Unit Test 1,2026-01-15
Myra Menon,Science,58,100,Unit Test 1,2026-01-15
Myra Menon,Mathematics,92,100,Unit Test 1,2026-01-15
Myra Menon,History,57,100,Unit Test 2,2026-02-14
Myra Menon,Science,54,100,Unit Test 2,2026-02-14
Myra Menon,English,69,100,Unit Test 2,2026-02-14
Myra Menon,Geography,45,100,Unit Test 2,2026-02-14
Myra Menon,Mathematics,83,100,Unit Test 2,2026-02-14
Myra Menon,Computer Science,56,100,Unit Test 2,2026-02-14
Myra Menon,Computer Science,61,100,Unit Test 3,2026-03-16
Myra Menon,English,59,100,Unit Test 3,2026-03-16
Myra Menon,Science,48,100,Unit Test 3,2026-03-16
Myra Menon,History,64,100,Unit Test 3,2026-03-16
Myra Menon,Geography,31,100,Unit Test 3,2026-03-16
Myra Menon,Mathematics,69,100,Unit Test 3,2026-03-16
Myra Menon,History,68,100,Unit Test 4,2026-04-15
Myra Menon,Geography,35,100,Unit Test 4,2026-04-15
Myra Menon,Mathematics,59,100,Unit Test 4,2026-04-15
Myra Menon,English,62,100,Unit Test 4,2026-04-15
Myra Menon,Computer Science,65,100,Unit Test 4,2026-04-15
Myra Menon,Science,43,100,Unit Test 4,2026-04-15
Myra Menon,English,69,100,Unit Test 5,2026-05-15
Myra Menon,Computer Science,70,100,Unit Test 5,2026-05-15
Myra Menon,Science,37,100,Unit Test 5,2026-05-15
Myra Menon,History,74,100,Unit Test 5,2026-05-15
Myra Menon,Geography,24,100,Unit Test 5,2026-05-15
Myra Menon,Mathematics,47,100,Unit Test 5,2026-05-15
Myra Menon,Mathematics,52,100,Unit Test 6,2026-06-14
Myra Menon,English,58,100,Unit Test 6,2026-06-14
Myra Menon,History,80,100,Unit Test 6,2026-06-14
Myra Menon,Geography,23,100,Unit Test 6,2026-06-14
Myra Menon,Science,31,100,Unit Test 6,2026-06-14
Myra Menon,Computer Science,73,100,Unit Test 6,2026-06-14
Nisha Malhotra,Science,47,100,Unit Test 1,2026-01-15
Nisha Malhotra,Mathematics,62,100,Unit Test 1,2026-01-15
Nisha Malhotra,History,67,100,Unit Test 1,2026-01-15
Nisha Malhotra,Geography,79,100,Unit Test 1,2026-01-15
Nisha Malhotra,Computer Science,85,100,Unit Test 1,2026-01-15
Nisha Malhotra,Computer Science,92,100,Unit Test 2,2026-02-14
Nisha Malhotra,History,74,100,Unit Test 2,2026-02-14
Nisha Malhotra,Mathematics,58,100,Unit Test 2,2026-02-14
Nisha Malhotra,Science,42,100,Unit Test 2,2026-02-14
Nisha Malhotra,Geography,79,100,Unit Test 2,2026-02-14
Nisha Malhotra,History,68,100,Unit Test 3,2026-03-16
Nisha Malhotra,Mathematics,51,100,Unit Test 3,2026-03-16
Nisha Malhotra,Computer Science,98,100,Unit Test 3,2026-03-16
Nisha Malhotra,Geography,78,100,Unit Test 3,2026-03-16
Nisha Malhotra,Science,37,100,Unit Test 3,2026-03-16
Nisha Malhotra,Computer Science,100,100,Unit Test 4,2026-04-15
Nisha Malhotra,Science,32,100,Unit Test 4,2026-04-15
Nisha Malhotra,Mathematics,45,100,Unit Test 4,2026-04-15
Nisha Malhotra,History,63,100,Unit Test 4,2026-04-15
Nisha Malhotra,Geography,78,100,Unit Test 4,2026-04-15
Nisha Malhotra,Science,27,100,Unit Test 5,2026-05-15
Nisha Malhotra,Computer Science,100,100,Unit Test 5,2026-05-15
Nisha Malhotra,Geography,77,100,Unit Test 5,2026-05-15
Nisha Malhotra,Mathematics,41,100,Unit Test 5,2026-05-15
Nisha Malhotra,History,73,100,Unit Test 5,2026-05-15
Nisha Malhotra,Geography,77,100,Unit Test 6,2026-06-14
Nisha Malhotra,Computer Science,100,100,Unit Test 6,2026-06-14
Nisha Malhotra,Science,22,100,Unit Test 6,2026-06-14
Nisha Malhotra,Mathematics,34,100,Unit Test 6,2026-06-14
Nisha Malhotra,History,74,100,Unit Test 6,2026-06-14
Om Singh,History,79,100,Unit Test 1,2026-01-15
Om Singh,Science,64,100,Unit Test 1,2026-01-15
Om Singh,Geography,63,100,Unit Test 1,2026-01-15
Om Singh,Computer Science,94,100,Unit Test 1,2026-01-15
Om Singh,English,62,100,Unit Test 1,2026-01-15
Om Singh,Geography,69,100,Unit Test 2,2026-02-14
Om Singh,Science,62,100,Unit Test 2,2026-02-14
Om Singh,History,78,100,Unit Test 2,2026-02-14
Om Singh,Computer Science,100,100,Unit Test 2,2026-02-14
Om Singh,English,56,100,Unit Test 2,2026-02-14
Om Singh,History,79,100,Unit Test 3,2026-03-16
Om Singh,Geography,74,100,Unit Test 3,2026-03-16
Om Singh,Science,62,100,Unit Test 3,2026-03-16
Om Singh,English,49,100,Unit Test 3,2026-03-16
Om Singh,Computer Science,96,100,Unit Test 3,2026-03-16
Om Singh,Science,65,100,Unit Test 4,2026-04-15
Om Singh,English,45,100,Unit Test 4,2026-04-15
Om Singh,History,81,100,Unit Test 4,2026-04-15
Om Singh,Computer Science,91,100,Unit Test 4,2026-04-15
Om Singh,Geography,78,100,Unit Test 4,2026-04-15
Om Singh,English,39,100,Unit Test 5,2026-05-15
Om Singh,History,84,100,Unit Test 5,2026-05-15
Om Singh,Geography,84,100,Unit Test 5,2026-05-15
Om Singh,Computer Science,97,100,Unit Test 5,2026-05-15
Om Singh,Science,64,100,Unit Test 5,2026-05-15
Om Singh,Science,65,100,Unit Test 6,2026-06-14
Om Singh,Computer Science,100,100,Unit Test 6,2026-06-14
Om Singh,Geography,88,100,Unit Test 6,2026-06-14
Om Singh,History,84,100,Unit Test 6,2026-06-14
Om Singh,English,35,100,Unit Test 6,2026-06-14
Pranav Desai,Computer Science,83,100,Unit Test 1,2026-01-15
Pranav Desai,Mathematics,94,100,Unit Test 1,2026-01-15
Pranav Desai,Science,90,100,Unit Test 1,2026-01-15
Pranav Desai,English,73,100,Unit Test 1,2026-01-15
Pranav Desai,Geography,45,100,Unit Test 1,2026-01-15
Pranav Desai,History,54,100,Unit Test 1,2026-01-15
Pranav Desai,Science,96,100,Unit Test 2,2026-02-14
Pranav Desai,English,62,100,Unit Test 2,2026-02-14
Pranav Desai,Mathematics,99,100,Unit Test 2,2026-02-14
Pranav Desai,Geography,40,100,Unit Test 2,2026-02-14
Pranav Desai,Computer Science,80,100,Unit Test 2,2026-02-14
Pranav Desai,History,61,100,Unit Test 2,2026-02-14
Pranav Desai,Mathematics,100,100,Unit Test 3,2026-03-16
Pranav Desai,Geography,34,100,Unit Test 3,2026-03-16
Pranav Desai,English,66,100,Unit Test 3,2026-03-16
Pranav Desai,Computer Science,82,100,Unit Test 3,2026-03-16
Pranav Desai,Science,100,100,Unit Test 3,2026-03-16
Pranav Desai,History,66,100,Unit Test 3,2026-03-16
Pranav Desai,Computer Science,81,100,Unit Test 4,2026-04-15
Pranav Desai,Science,100,100,Unit Test 4,2026-04-15
Pranav Desai,History,72,100,Unit Test 4,2026-04-15
Pranav Desai,English,78,100,Unit Test 4,2026-04-15
Pranav Desai,Geography,29,100,Unit Test 4,2026-04-15
Pranav Desai,Mathematics,100,100,Unit Test 4,2026-04-15
Pranav Desai,Mathematics,100,100,Unit Test 5,2026-05-15
Pranav Desai,English,79,100,Unit Test 5,2026-05-15
Pranav Desai,Geography,24,100,Unit Test 5,2026-05-15
Pranav Desai,Science,100,100,Unit Test 5,2026-05-15
Pranav Desai,Computer Science,84,100,Unit Test 5,2026-05-15
Pranav Desai,History,76,100,Unit Test 5,2026-05-15
Pranav Desai,Computer Science,83,100,Unit Test 6,2026-06-14
Pranav Desai,Mathematics,100,100,Unit Test 6,2026-06-14
Pranav Desai,English,90,100,Unit Test 6,2026-06-14
Pranav Desai,History,83,100,Unit Test 6,2026-06-14
Pranav Desai,Science,100,100,Unit Test 6,2026-06-14
Pranav Desai,Geography,20,100,Unit Test 6,2026-06-14
Pranav Singh,English,60,100,Unit Test 1,2026-01-15
Pranav Singh,Geography,80,100,Unit Test 1,2026-01-15
Pranav Singh,Mathematics,62,100,Unit Test 1,2026-01-15
Pranav Singh,Computer Science,63,100,Unit Test 1,2026-01-15
Pranav Singh,Science,82,100,Unit Test 1,2026-01-15
Pranav Singh,History,56,100,Unit Test 1,2026-01-15
Pranav Singh,Science,76,100,Unit Test 2,2026-02-14
Pranav Singh,English,54,100,Unit Test 2,2026-02-14
Pranav Singh,Mathematics,55,100,Unit Test 2,2026-02-14
Pranav Singh,Geography,80,100,Unit Test 2,2026-02-14
Pranav Singh,Computer Science,62,100,Unit Test 2,2026-02-14
Pranav Singh,History,49,100,Unit Test 2,2026-02-14
Pranav Singh,Science,72,100,Unit Test 3,2026-03-16
Pranav Singh,Mathematics,50,100,Unit Test 3,2026-03-16
Pranav Singh,Geography,78,100,Unit Test 3,2026-03-16
Pranav Singh,English,50,100,Unit Test 3,2026-03-16
Pranav Singh,Computer Science,62,100,Unit Test 3,2026-03-16
Pranav Singh,History,43,100,Unit Test 3,2026-03-16
Pranav Singh,Computer Science,59,100,Unit Test 4,2026-04-15
Pranav Singh,Mathematics,44,100,Unit Test 4,2026-04-15
Pranav Singh,History,37,100,Unit Test 4,2026-04-15
Pranav Singh,Geography,76,100,Unit Test 4,2026-04-15
Pranav Singh,English,44,100,Unit Test 4,2026-04-15
Pranav Singh,Science,66,100,Unit Test 4,2026-04-15
Pranav Singh,Computer Science,57,100,Unit Test 5,2026-05-15
Pranav Singh,English,38,100,Unit Test 5,2026-05-15
Pranav Singh,Mathematics,41,100,Unit Test 5,2026-05-15
Pranav Singh,History,31,100,Unit Test 5,2026-05-15
Pranav Singh,Geography,76,100,Unit Test 5,2026-05-15
Pranav Singh,Science,61,100,Unit Test 5,2026-05-15
Pranav Singh,Geography,79,100,Unit Test 6,2026-06-14
Pranav Singh,Science,56,100,Unit Test 6,2026-06-14
Pranav Singh,Mathematics,38,100,Unit Test 6,2026-06-14
Pranav Singh,English,31,100,Unit Test 6,2026-06-14
Pranav Singh,Computer Science,56,100,Unit Test 6,2026-06-14
Pranav Singh,History,27,100,Unit Test 6,2026-06-14
Reyansh Rao,Mathematics,64,100,Unit Test 1,2026-01-15
Reyansh Rao,Geography,69,100,Unit Test 1,2026-01-15
Reyansh Rao,English,74,100,Unit Test 1,2026-01-15
Reyansh Rao,Science,69,100,Unit Test 1,2026-01-15
Reyansh Rao,English,81,100,Unit Test 2,2026-02-14
Reyansh Rao,Geography,65,100,Unit Test 2,2026-02-14
Reyansh Rao,Mathematics,61,100,Unit Test 2,2026-02-14
Reyansh Rao,Science,63,100,Unit Test 2,2026-02-14
Reyansh Rao,Science,56,100,Unit Test 3,2026-03-16
Reyansh Rao,English,87,100,Unit Test 3,2026-03-16
Reyansh Rao,Geography,61,100,Unit Test 3,2026-03-16
Reyansh Rao,Mathematics,56,100,Unit Test 3,2026-03-16
Reyansh Rao,Geography,55,100,Unit Test 4,2026-04-15
Reyansh Rao,Mathematics,53,100,Unit Test 4,2026-04-15
Reyansh Rao,English,92,100,Unit Test 4,2026-04-15
Reyansh Rao,Science,53,100,Unit Test 4,2026-04-15
Reyansh Rao,Science,47,100,Unit Test 5,2026-05-15
Reyansh Rao,Mathematics,49,100,Unit Test 5,2026-05-15
Reyansh Rao,Geography,51,100,Unit Test 5,2026-05-15
Reyansh Rao,English,98,100,Unit Test 5,2026-05-15
Reyansh Rao,Geography,47,100,Unit Test 6,2026-06-14
Reyansh Rao,Science,42,100,Unit Test 6,2026-06-14
Reyansh Rao,English,100,100,Unit Test 6,2026-06-14
Reyansh Rao,Mathematics,45,100,Unit Test 6,2026-06-14
Reyansh Reddy,Mathematics,52,100,Unit Test 1,2026-01-15
Reyansh Reddy,History,80,100,Unit Test 1,2026-01-15
Reyansh Reddy,Science,70,100,Unit Test 1,2026-01-15
Reyansh Reddy,English,78,100,Unit Test 1,2026-01-15
Reyansh Reddy,Science,66,100,Unit Test 2,2026-02-14
Reyansh Reddy,Mathematics,55,100,Unit Test 2,2026-02-14
Reyansh Reddy,History,81,100,Unit Test 2,2026-02-14
Reyansh Reddy,English,64,100,Unit Test 2,2026-02-14
Reyansh Reddy,Science,63,100,Unit Test 3,2026-03-16
Reyansh Reddy,English,75,100,Unit Test 3,2026-03-16
Reyansh Reddy,Mathematics,62,100,Unit Test 3,2026-03-16
Reyansh Reddy,History,82,100,Unit Test 3,2026-03-16
Reyansh Reddy,History,81,100,Unit Test 4,2026-04-15
Reyansh Reddy,Science,57,100,Unit Test 4,2026-04-15
Reyansh Reddy,English,68,100,Unit Test 4,2026-04-15
Reyansh Reddy,Mathematics,66,100,Unit Test 4,2026-04-15
Reyansh Reddy,Science,52,100,Unit Test 5,2026-05-15
Reyansh Reddy,Mathematics,73,100,Unit Test 5,2026-05-15
Reyansh Reddy,English,70,100,Unit Test 5,2026-05-15
Reyansh Reddy,History,79,100,Unit Test 5,2026-05-15
Reyansh Reddy,Mathematics,79,100,Unit Test 6,2026-06-14
Reyansh Reddy,Science,47,100,Unit Test 6,2026-06-14
Reyansh Reddy,English,85,100,Unit Test 6,2026-06-14
Reyansh Reddy,History,80,100,Unit Test 6,2026-06-14
Riya Singh,Mathematics,71,100,Unit Test 1,2026-01-15
Riya Singh,English,86,100,Unit Test 1,2026-01-15
Riya Singh,Science,68,100,Unit Test 1,2026-01-15
Riya Singh,History,77,100,Unit Test 1,2026-01-15
Riya Singh,Geography,81,100,Unit Test 1,2026-01-15
Riya Singh,Geography,77,100,Unit Test 2,2026-02-14
Riya Singh,History,80,100,Unit Test 2,2026-02-14
Riya Singh,English,83,100,Unit Test 2,2026-02-14
Riya Singh,Mathematics,68,100,Unit Test 2,2026-02-14
Riya Singh,Science,81,100,Unit Test 2,2026-02-14
Riya Singh,History,76,100,Unit Test 3,2026-03-16
Riya Singh,Science,78,100,Unit Test 3,2026-03-16
Riya Singh,Geography,71,100,Unit Test 3,2026-03-16
Riya Singh,Mathematics,68,100,Unit Test 3,2026-03-16
Riya Singh,English,84,100,Unit Test 3,2026-03-16
Riya Singh,Geography,66,100,Unit Test 4,2026-04-15
Riya Singh,Mathematics,65,100,Unit Test 4,2026-04-15
Riya Singh,English,81,100,Unit Test 4,2026-04-15
Riya Singh,History,78,100,Unit Test 4,2026-04-15
Riya Singh,Science,86,100,Unit Test 4,2026-04-15
Riya Singh,Mathematics,64,100,Unit Test 5,2026-05-15
Riya Singh,History,92,100,Unit Test 5,2026-05-15
Riya Singh,Science,91,100,Unit Test 5,2026-05-15
Riya Singh,Geography,60,100,Unit Test 5,2026-05-15
Riya Singh,English,82,100,Unit Test 5,2026-05-15
Riya Singh,Science,78,100,Unit Test 6,2026-06-14
Riya Singh,Geography,55,100,Unit Test 6,2026-06-14
Riya Singh,History,99,100,Unit Test 6,2026-06-14
Riya Singh,English,85,100,Unit Test 6,2026-06-14
Riya Singh,Mathematics,63,100,Unit Test 6,2026-06-14
Rohan Kulkarni,History,51,100,Unit Test 1,2026-01-15
Rohan Kulkarni,English,53,100,Unit Test 1,2026-01-15
Rohan Kulkarni,Mathematics,71,100,Unit Test 1,2026-01-15
Rohan Kulkarni,Computer Science,73,100,Unit Test 1,2026-01-15
Rohan Kulkarni,Science,82,100,Unit Test 1,2026-01-15
Rohan Kulkarni,Geography,69,100,Unit Test 1,2026-01-15
Rohan Kulkarni,Geography,68,100,Unit Test 2,2026-02-14
Rohan Kulkarni,Computer Science,74,100,Unit Test 2,2026-02-14
Rohan Kulkarni,Mathematics,71,100,Unit Test 2,2026-02-14
Rohan Kulkarni,Science,88,100,Unit Test 2,2026-02-14
Rohan Kulkarni,English,56,100,Unit Test 2,2026-02-14
Rohan Kulkarni,History,50,100,Unit Test 2,2026-02-14
Rohan Kulkarni,History,51,100,Unit Test 3,2026-03-16
Rohan Kulkarni,Mathematics,72,100,Unit Test 3,2026-03-16
Rohan Kulkarni,English,59,100,Unit Test 3,2026-03-16
Rohan Kulkarni,Science,92,100,Unit Test 3,2026-03-16
Rohan Kulkarni,Computer Science,75,100,Unit Test 3,2026-03-16
Rohan Kulkarni,Geography,69,100,Unit Test 3,2026-03-16
Rohan Kulkarni,Geography,69,100,Unit Test 4,2026-04-15
Rohan Kulkarni,Mathematics,72,100,Unit Test 4,2026-04-15
Rohan Kulkarni,Computer Science,73,100,Unit Test 4,2026-04-15
Rohan Kulkarni,English,59,100,Unit Test 4,2026-04-15
Rohan Kulkarni,Science,99,100,Unit Test 4,2026-04-15
Rohan Kulkarni,History,52,100,Unit Test 4,2026-04-15
Rohan Kulkarni,Mathematics,74,100,Unit Test 5,2026-05-15
Rohan Kulkarni,Computer Science,75,100,Unit Test 5,2026-05-15
Rohan Kulkarni,Geography,67,100,Unit Test 5,2026-05-15
Rohan Kulkarni,History,54,100,Unit Test 5,2026-05-15
Rohan Kulkarni,Science,100,100,Unit Test 5,2026-05-15
Rohan Kulkarni,English,60,100,Unit Test 5,2026-05-15
Rohan Kulkarni,English,58,100,Unit Test 6,2026-06-14
Rohan Kulkarni,Mathematics,77,100,Unit Test 6,2026-06-14
Rohan Kulkarni,History,56,100,Unit Test 6,2026-06-14
Rohan Kulkarni,Computer Science,74,100,Unit Test 6,2026-06-14
Rohan Kulkarni,Science,100,100,Unit Test 6,2026-06-14
Rohan Kulkarni,Geography,68,100,Unit Test 6,2026-06-14
Rudra Joshi,Computer Science,79,100,Unit Test 1,2026-01-15
Rudra Joshi,Science,48,100,Unit Test 1,2026-01-15
Rudra Joshi,History,65,100,Unit Test 1,2026-01-15
Rudra Joshi,Mathematics,61,100,Unit Test 1,2026-01-15
Rudra Joshi,Computer Science,81,100,Unit Test 2,2026-02-14
Rudra Joshi,History,60,100,Unit Test 2,2026-02-14
Rudra Joshi,Science,42,100,Unit Test 2,2026-02-14
Rudra Joshi,Mathematics,57,100,Unit Test 2,2026-02-14
Rudra Joshi,Science,37,100,Unit Test 3,2026-03-16
Rudra Joshi,Mathematics,51,100,Unit Test 3,2026-03-16
Rudra Joshi,Computer Science,82,100,Unit Test 3,2026-03-16
Rudra Joshi,History,55,100,Unit Test 3,2026-03-16
Rudra Joshi,Science,33,100,Unit Test 4,2026-04-15
Rudra Joshi,History,50,100,Unit Test 4,2026-04-15
Rudra Joshi,Computer Science,83,100,Unit Test 4,2026-04-15
Rudra Joshi,Mathematics,45,100,Unit Test 4,2026-04-15
Rudra Joshi,Computer Science,83,100,Unit Test 5,2026-05-15
Rudra Joshi,Science,27,100,Unit Test 5,2026-05-15
Rudra Joshi,Mathematics,38,100,Unit Test 5,2026-05-15
Rudra Joshi,History,40,100,Unit Test 5,2026-05-15
Rudra Joshi,Computer Science,86,100,Unit Test 6,2026-06-14
Rudra Joshi,Science,22,100,Unit Test 6,2026-06-14
Rudra Joshi,History,40,100,Unit Test 6,2026-06-14
Rudra Joshi,Mathematics,35,100,Unit Test 6,2026-06-14
Sai Chauhan,Mathematics,56,100,Unit Test 1,2026-01-15
Sai Chauhan,Computer Science,53,100,Unit Test 1,2026-01-15
Sai Chauhan,Science,50,100,Unit Test 1,2026-01-15
Sai Chauhan,English,70,100,Unit Test 1,2026-01-15
Sai Chauhan,English,73,100,Unit Test 2,2026-02-14
Sai Chauhan,Mathematics,57,100,Unit Test 2,2026-02-14
Sai Chauhan,Science,52,100,Unit Test 2,2026-02-14
Sai Chauhan,Computer Science,58,100,Unit Test 2,2026-02-14
Sai Chauhan,Science,52,100,Unit Test 3,2026-03-16
Sai Chauhan,Computer Science,63,100,Unit Test 3,2026-03-16
Sai Chauhan,Mathematics,57,100,Unit Test 3,2026-03-16
Sai Chauhan,English,76,100,Unit Test 3,2026-03-16
Sai Chauhan,English,77,100,Unit Test 4,2026-04-15
Sai Chauhan,Science,49,100,Unit Test 4,2026-04-15
Sai Chauhan,Mathematics,59,100,Unit Test 4,2026-04-15
Sai Chauhan,Computer Science,68,100,Unit Test 4,2026-04-15
Sai Chauhan,Mathematics,57,100,Unit Test 5,2026-05-15
Sai Chauhan,Computer Science,73,100,Unit Test 5,2026-05-15
Sai Chauhan,Science,48,100,Unit Test 5,2026-05-15
Sai Chauhan,English,78,100,Unit Test 5,2026-05-15
Sai Chauhan,Mathematics,59,100,Unit Test 6,2026-06-14
Sai Chauhan,Computer Science,77,100,Unit Test 6,2026-06-14
Sai Chauhan,English,76,100,Unit Test 6,2026-06-14
Sai Chauhan,Science,46,100,Unit Test 6,2026-06-14
Shaurya Gupta,History,80,100,Unit Test 1,2026-01-15
Shaurya Gupta,Computer Science,83,100,Unit Test 1,2026-01-15
Shaurya Gupta,Science,66,100,Unit Test 1,2026-01-15
Shaurya Gupta,Mathematics,85,100,Unit Test 1,2026-01-15
Shaurya Gupta,Mathematics,86,100,Unit Test 2,2026-02-14
Shaurya Gupta,Science,63,100,Unit Test 2,2026-02-14
Shaurya Gupta,Computer Science,78,100,Unit Test 2,2026-02-14
Shaurya Gupta,History,84,100,Unit Test 2,2026-02-14
Shaurya Gupta,Mathematics,85,100,Unit Test 3,2026-03-16
Shaurya Gupta,Science,60,100,Unit Test 3,2026-03-16
Shaurya Gupta,History,90,100,Unit Test 3,2026-03-16
Shaurya Gupta,Computer Science,65,100,Unit Test 3,2026-03-16
Shaurya Gupta,History,95,100,Unit Test 4,2026-04-15
Shaurya Gupta,Computer Science,70,100,Unit Test 4,2026-04-15
Shaurya Gupta,Science,54,100,Unit Test 4,2026-04-15
Shaurya Gupta,Mathematics,87,100,Unit Test 4,2026-04-15
Shaurya Gupta,Computer Science,64,100,Unit Test 5,2026-05-15
Shaurya Gupta,Mathematics,88,100,Unit Test 5,2026-05-15
Shaurya Gupta,Science,49,100,Unit Test 5,2026-05-15
Shaurya Gupta,History,100,100,Unit Test 5,2026-05-15
Shaurya Gupta,History,100,100,Unit Test 6,2026-06-14
Shaurya Gupta,Mathematics,91,100,Unit Test 6,2026-06-14
Shaurya Gupta,Computer Science,68,100,Unit Test 6,2026-06-14
Shaurya Gupta,Science,45,100,Unit Test 6,2026-06-14
Sneha Chauhan,History,78,100,Unit Test 1,2026-01-15
Sneha Chauhan,English,57,100,Unit Test 1,2026-01-15
Sneha Chauhan,Science,46,100,Unit Test 1,2026-01-15
Sneha Chauhan,Geography,69,100,Unit Test 1,2026-01-15
Sneha Chauhan,Computer Science,85,100,Unit Test 1,2026-01-15
Sneha Chauhan,Mathematics,64,100,Unit Test 1,2026-01-15
Sneha Chauhan,English,60,100,Unit Test 2,2026-02-14
Sneha Chauhan,Geography,70,100,Unit Test 2,2026-02-14
Sneha Chauhan,Computer Science,88,100,Unit Test 2,2026-02-14
Sneha Chauhan,History,85,100,Unit Test 2,2026-02-14
Sneha Chauhan,Science,39,100,Unit Test 2,2026-02-14
Sneha Chauhan,Mathematics,59,100,Unit Test 2,2026-02-14
Sneha Chauhan,History,90,100,Unit Test 3,2026-03-16
Sneha Chauhan,English,66,100,Unit Test 3,2026-03-16
Sneha Chauhan,Science,34,100,Unit Test 3,2026-03-16
Sneha Chauhan,Mathematics,53,100,Unit Test 3,2026-03-16
Sneha Chauhan,Geography,69,100,Unit Test 3,2026-03-16
Sneha Chauhan,Computer Science,91,100,Unit Test 3,2026-03-16
Sneha Chauhan,Mathematics,48,100,Unit Test 4,2026-04-15
Sneha Chauhan,English,54,100,Unit Test 4,2026-04-15
Sneha Chauhan,History,100,100,Unit Test 4,2026-04-15
Sneha Chauhan,Science,27,100,Unit Test 4,2026-04-15
Sneha Chauhan,Geography,67,100,Unit Test 4,2026-04-15
Sneha Chauhan,Computer Science,93,100,Unit Test 4,2026-04-15
Sneha Chauhan,Geography,70,100,Unit Test 5,2026-05-15
Sneha Chauhan,Computer Science,92,100,Unit Test 5,2026-05-15
Sneha Chauhan,Mathematics,41,100,Unit Test 5,2026-05-15
Sneha Chauhan,English,48,100,Unit Test 5,2026-05-15
Sneha Chauhan,History,100,100,Unit Test 5,2026-05-15
Sneha Chauhan,Science,21,100,Unit Test 5,2026-05-15
Sneha Chauhan,Mathematics,35,100,Unit Test 6,2026-06-14
Sneha Chauhan,Science,20,100,Unit Test 6,2026-06-14
Sneha Chauhan,English,55,100,Unit Test 6,2026-06-14
Sneha Chauhan,History,100,100,Unit Test 6,2026-06-14
Sneha Chauhan,Computer Science,94,100,Unit Test 6,2026-06-14
Sneha Chauhan,Geography,67,100,Unit Test 6,2026-06-14
Sneha Mehta,Geography,55,100,Unit Test 1,2026-01-15
Sneha Mehta,English,58,100,Unit Test 1,2026-01-15
Sneha Mehta,History,60,100,Unit Test 1,2026-01-15
Sneha Mehta,Science,69,100,Unit Test 1,2026-01-15
Sneha Mehta,Computer Science,62,100,Unit Test 1,2026-01-15
Sneha Mehta,History,64,100,Unit Test 2,2026-02-14
Sneha Mehta,English,65,100,Unit Test 2,2026-02-14
Sneha Mehta,Computer Science,65,100,Unit Test 2,2026-02-14
Sneha Mehta,Geography,60,100,Unit Test 2,2026-02-14
Sneha Mehta,Science,73,100,Unit Test 2,2026-02-14
Sneha Mehta,History,68,100,Unit Test 3,2026-03-16
Sneha Mehta,Geography,64,100,Unit Test 3,2026-03-16
Sneha Mehta,English,63,100,Unit Test 3,2026-03-16
Sneha Mehta,Science,78,100,Unit Test 3,2026-03-16
Sneha Mehta,Computer Science,69,100,Unit Test 3,2026-03-16
Sneha Mehta,Computer Science,76,100,Unit Test 4,2026-04-15
Sneha Mehta,Science,84,100,Unit Test 4,2026-04-15
Sneha Mehta,History,73,100,Unit Test 4,2026-04-15
Sneha Mehta,Geography,69,100,Unit Test 4,2026-04-15
Sneha Mehta,English,62,100,Unit Test 4,2026-04-15
Sneha Mehta,Computer Science,82,100,Unit Test 5,2026-05-15
Sneha Mehta,History,79,100,Unit Test 5,2026-05-15
Sneha Mehta,Geography,73,100,Unit Test 5,2026-05-15
Sneha Mehta,Science,88,100,Unit Test 5,2026-05-15
Sneha Mehta,English,49,100,Unit Test 5,2026-05-15
Sneha Mehta,History,84,100,Unit Test 6,2026-06-14
Sneha Mehta,Computer Science,88,100,Unit Test 6,2026-06-14
Sneha Mehta,English,44,100,Unit Test 6,2026-06-14
Sneha Mehta,Geography,78,100,Unit Test 6,2026-06-14
Sneha Mehta,Science,95,100,Unit Test 6,2026-06-14
Vihaan Nair,History,80,100,Unit Test 1,2026-01-15
Vihaan Nair,Mathematics,73,100,Unit Test 1,2026-01-15
Vihaan Nair,Computer Science,71,100,Unit Test 1,2026-01-15
Vihaan Nair,Geography,49,100,Unit Test 1,2026-01-15
Vihaan Nair,English,78,100,Unit Test 1,2026-01-15
Vihaan Nair,History,85,100,Unit Test 2,2026-02-14
Vihaan Nair,English,90,100,Unit Test 2,2026-02-14
Vihaan Nair,Mathematics,79,100,Unit Test 2,2026-02-14
Vihaan Nair,Computer Science,70,100,Unit Test 2,2026-02-14
Vihaan Nair,Geography,49,100,Unit Test 2,2026-02-14
Vihaan Nair,English,94,100,Unit Test 3,2026-03-16
Vihaan Nair,Computer Science,73,100,Unit Test 3,2026-03-16
Vihaan Nair,History,89,100,Unit Test 3,2026-03-16
Vihaan Nair,Mathematics,83,100,Unit Test 3,2026-03-16
Vihaan Nair,Geography,48,100,Unit Test 3,2026-03-16
Vihaan Nair,Computer Science,76,100,Unit Test 4,2026-04-15
Vihaan Nair,English,100,100,Unit Test 4,2026-04-15
Vihaan Nair,Mathematics,72,100,Unit Test 4,2026-04-15
Vihaan Nair,Geography,47,100,Unit Test 4,2026-04-15
Vihaan Nair,History,93,100,Unit Test 4,2026-04-15
Vihaan Nair,History,100,100,Unit Test 5,2026-05-15
Vihaan Nair,English,100,100,Unit Test 5,2026-05-15
Vihaan Nair,Geography,50,100,Unit Test 5,2026-05-15
Vihaan Nair,Computer Science,77,100,Unit Test 5,2026-05-15
Vihaan Nair,Mathematics,58,100,Unit Test 5,2026-05-15
Vihaan Nair,History,100,100,Unit Test 6,2026-06-14
Vihaan Nair,Mathematics,44,100,Unit Test 6,2026-06-14
Vihaan Nair,English,100,100,Unit Test 6,2026-06-14
Vihaan Nair,Geography,51,100,Unit Test 6,2026-06-14
Vihaan Nair,Computer Science,75,100,Unit Test 6,2026-06-14
Vihaan Singh,Mathematics,68,100,Unit Test 1,2026-01-15
Vihaan Singh,Computer Science,60,100,Unit Test 1,2026-01-15
Vihaan Singh,English,53,100,Unit Test 1,2026-01-15
Vihaan Singh,History,40,100,Unit Test 1,2026-01-15
Vihaan Singh,Science,50,100,Unit Test 1,2026-01-15
Vihaan Singh,English,47,100,Unit Test 2,2026-02-14
Vihaan Singh,History,35,100,Unit Test 2,2026-02-14
Vihaan Singh,Science,37,100,Unit Test 2,2026-02-14
Vihaan Singh,Computer Science,57,100,Unit Test 2,2026-02-14
Vihaan Singh,Mathematics,72,100,Unit Test 2,2026-02-14
Vihaan Singh,Mathematics,65,100,Unit Test 3,2026-03-16
Vihaan Singh,Computer Science,51,100,Unit Test 3,2026-03-16
Vihaan Singh,Science,48,100,Unit Test 3,2026-03-16
Vihaan Singh,English,40,100,Unit Test 3,2026-03-16
Vihaan Singh,History,47,100,Unit Test 3,2026-03-16
Vihaan Singh,Science,60,100,Unit Test 4,2026-04-15
Vihaan Singh,English,36,100,Unit Test 4,2026-04-15
Vihaan Singh,Computer Science,45,100,Unit Test 4,2026-04-15
Vihaan Singh,History,56,100,Unit Test 4,2026-04-15
Vihaan Singh,Mathematics,65,100,Unit Test 4,2026-04-15
Vihaan Singh,English,30,100,Unit Test 5,2026-05-15
Vihaan Singh,Mathematics,77,100,Unit Test 5,2026-05-15
Vihaan Singh,Computer Science,41,100,Unit Test 5,2026-05-15
Vihaan Singh,Science,62,100,Unit Test 5,2026-05-15
Vihaan Singh,History,66,100,Unit Test 5,2026-05-15
Vihaan Singh,History,78,100,Unit Test 6,2026-06-14
Vihaan Singh,Computer Science,35,100,Unit Test 6,2026-06-14
Vihaan Singh,English,26,100,Unit Test 6,2026-06-14
Vihaan Singh,Mathematics,88,100,Unit Test 6,2026-06-14
Vihaan Singh,Science,72,100,Unit Test 6,2026-06-14
Vihaan Verma,Mathematics,79,100,Unit Test 1,2026-01-15
Vihaan Verma,English,63,100,Unit Test 1,2026-01-15
Vihaan Verma,Science,57,100,Unit Test 1,2026-01-15
Vihaan Verma,Computer Science,59,100,Unit Test 1,2026-01-15
Vihaan Verma,Science,56,100,Unit Test 2,2026-02-14
Vihaan Verma,Mathematics,67,100,Unit Test 2,2026-02-14
Vihaan Verma,Computer Science,55,100,Unit Test 2,2026-02-14
Vihaan Verma,English,66,100,Unit Test 2,2026-02-14
Vihaan Verma,Mathematics,61,100,Unit Test 3,2026-03-16
Vihaan Verma,Science,41,100,Unit Test 3,2026-03-16
Vihaan Verma,English,66,100,Unit Test 3,2026-03-16
Vihaan Verma,Computer Science,50,100,Unit Test 3,2026-03-16
Vihaan Verma,Computer Science,45,100,Unit Test 4,2026-04-15
Vihaan Verma,English,63,100,Unit Test 4,2026-04-15
Vihaan Verma,Science,28,100,Unit Test 4,2026-04-15
Vihaan Verma,Mathematics,55,100,Unit Test 4,2026-04-15
Vihaan Verma,English,63,100,Unit Test 5,2026-05-15
Vihaan Verma,Computer Science,41,100,Unit Test 5,2026-05-15
Vihaan Verma,Science,21,100,Unit Test 5,2026-05-15
Vihaan Verma,Mathematics,41,100,Unit Test 5,2026-05-15
Vihaan Verma,Mathematics,39,100,Unit Test 6,2026-06-14
Vihaan Verma,English,62,100,Unit Test 6,2026-06-14
Vihaan Verma,Computer Science,34,100,Unit Test 6,2026-06-14
Vihaan Verma,Science,31,100,Unit Test 6,2026-06-14
Vivaan Chauhan,English,56,100,Unit Test 1,2026-01-15
Vivaan Chauhan,Mathematics,55,100,Unit Test 1,2026-01-15
Vivaan Chauhan,History,53,100,Unit Test 1,2026-01-15
Vivaan Chauhan,Computer Science,63,100,Unit Test 1,2026-01-15
Vivaan Chauhan,Science,71,100,Unit Test 1,2026-01-15
Vivaan Chauhan,Geography,87,100,Unit Test 1,2026-01-15
Vivaan Chauhan,Mathematics,50,100,Unit Test 2,2026-02-14
Vivaan Chauhan,Geography,87,100,Unit Test 2,2026-02-14
Vivaan Chauhan,History,58,100,Unit Test 2,2026-02-14
Vivaan Chauhan,Science,81,100,Unit Test 2,2026-02-14
Vivaan Chauhan,English,62,100,Unit Test 2,2026-02-14
Vivaan Chauhan,Computer Science,66,100,Unit Test 2,2026-02-14
Vivaan Chauhan,English,68,100,Unit Test 3,2026-03-16
Vivaan Chauhan,Mathematics,45,100,Unit Test 3,2026-03-16
Vivaan Chauhan,Geography,75,100,Unit Test 3,2026-03-16
Vivaan Chauhan,Computer Science,67,100,Unit Test 3,2026-03-16
Vivaan Chauhan,History,63,100,Unit Test 3,2026-03-16
Vivaan Chauhan,Science,82,100,Unit Test 3,2026-03-16
Vivaan Chauhan,Computer Science,67,100,Unit Test 4,2026-04-15
Vivaan Chauhan,English,74,100,Unit Test 4,2026-04-15
Vivaan Chauhan,Geography,61,100,Unit Test 4,2026-04-15
Vivaan Chauhan,History,70,100,Unit Test 4,2026-04-15
Vivaan Chauhan,Mathematics,50,100,Unit Test 4,2026-04-15
Vivaan Chauhan,Science,81,100,Unit Test 4,2026-04-15
Vivaan Chauhan,Mathematics,61,100,Unit Test 5,2026-05-15
Vivaan Chauhan,Science,75,100,Unit Test 5,2026-05-15
Vivaan Chauhan,History,74,100,Unit Test 5,2026-05-15
Vivaan Chauhan,English,81,100,Unit Test 5,2026-05-15
Vivaan Chauhan,Computer Science,67,100,Unit Test 5,2026-05-15
Vivaan Chauhan,Geography,59,100,Unit Test 5,2026-05-15
Vivaan Chauhan,English,87,100,Unit Test 6,2026-06-14
Vivaan Chauhan,Computer Science,65,100,Unit Test 6,2026-06-14
Vivaan Chauhan,History,79,100,Unit Test 6,2026-06-14
Vivaan Chauhan,Geography,53,100,Unit Test 6,2026-06-14
Vivaan Chauhan,Science,70,100,Unit Test 6,2026-06-14
Vivaan Chauhan,Mathematics,56,100,Unit Test 6,2026-06-14
Vivaan Nair,Science,74,100,Unit Test 1,2026-01-15
Vivaan Nair,History,65,100,Unit Test 1,2026-01-15
Vivaan Nair,Geography,76,100,Unit Test 1,2026-01-15
Vivaan Nair,Mathematics,57,100,Unit Test 1,2026-01-15
Vivaan Nair,Mathematics,64,100,Unit Test 2,2026-02-14
Vivaan Nair,History,72,100,Unit Test 2,2026-02-14
Vivaan Nair,Science,74,100,Unit Test 2,2026-02-14
Vivaan Nair,Geography,76,100,Unit Test 2,2026-02-14
Vivaan Nair,Science,76,100,Unit Test 3,2026-03-16
Vivaan Nair,Geography,79,100,Unit Test 3,2026-03-16
Vivaan Nair,History,71,100,Unit Test 3,2026-03-16
Vivaan Nair,Mathematics,70,100,Unit Test 3,2026-03-16
Vivaan Nair,History,80,100,Unit Test 4,2026-04-15
Vivaan Nair,Geography,77,100,Unit Test 4,2026-04-15
Vivaan Nair,Science,77,100,Unit Test 4,2026-04-15
Vivaan Nair,Mathematics,77,100,Unit Test 4,2026-04-15
Vivaan Nair,Science,78,100,Unit Test 5,2026-05-15
Vivaan Nair,Geography,74,100,Unit Test 5,2026-05-15
Vivaan Nair,Mathematics,83,100,Unit Test 5,2026-05-15
Vivaan Nair,History,92,100,Unit Test 5,2026-05-15
Vivaan Nair,Science,77,100,Unit Test 6,2026-06-14
Vivaan Nair,Mathematics,87,100,Unit Test 6,2026-06-14
Vivaan Nair,Geography,74,100,Unit Test 6,2026-06-14
Vivaan Nair,History,90,100,Unit Test 6,2026-06-14
Yash Desai,Mathematics,55,100,Unit Test 1,2026-01-15
Yash Desai,Computer Science,40,100,Unit Test 1,2026-01-15
Yash Desai,History,55,100,Unit Test 1,2026-01-15
Yash Desai,Geography,60,100,Unit Test 1,2026-01-15
Yash Desai,English,76,100,Unit Test 1,2026-01-15
Yash Desai,Geography,56,100,Unit Test 2,2026-02-14
Yash Desai,Mathematics,70,100,Unit Test 2,2026-02-14
Yash Desai,Computer Science,47,100,Unit Test 2,2026-02-14
Yash Desai,English,82,100,Unit Test 2,2026-02-14
Yash Desai,History,48,100,Unit Test 2,2026-02-14
Yash Desai,Computer Science,60,100,Unit Test 3,2026-03-16
Yash Desai,Mathematics,57,100,Unit Test 3,2026-03-16
Yash Desai,English,87,100,Unit Test 3,2026-03-16
Yash Desai,Geography,51,100,Unit Test 3,2026-03-16
Yash Desai,History,43,100,Unit Test 3,2026-03-16
Yash Desai,English,93,100,Unit Test 4,2026-04-15
Yash Desai,Mathematics,58,100,Unit Test 4,2026-04-15
Yash Desai,Geography,47,100,Unit Test 4,2026-04-15
Yash Desai,Computer Science,56,100,Unit Test 4,2026-04-15
Yash Desai,History,36,100,Unit Test 4,2026-04-15
Yash Desai,History,32,100,Unit Test 5,2026-05-15
Yash Desai,Computer Science,46,100,Unit Test 5,2026-05-15
Yash Desai,Geography,43,100,Unit Test 5,2026-05-15
Yash Desai,English,98,100,Unit Test 5,2026-05-15
Yash Desai,Mathematics,54,100,Unit Test 5,2026-05-15
Yash Desai,History,26,100,Unit Test 6,2026-06-14
Yash Desai,Computer Science,35,100,Unit Test 6,2026-06-14
Yash Desai,English,100,100,Unit Test 6,2026-06-14
Yash Desai,Geography,39,100,Unit Test 6,2026-06-14
Yash Desai,Mathematics,53,100,Unit Test 6,2026-06-14
Zara Kapoor,Geography,50,100,Unit Test 1,2026-01-15
Zara Kapoor,Mathematics,54,100,Unit Test 1,2026-01-15
Zara Kapoor,English,72,100,Unit Test 1,2026-01-15
Zara Kapoor,History,63,100,Unit Test 1,2026-01-15
Zara Kapoor,Mathematics,61,100,Unit Test 2,2026-02-14
Zara Kapoor,Geography,40,100,Unit Test 2,2026-02-14
Zara Kapoor,English,65,100,Unit Test 2,2026-02-14
Zara Kapoor,History,56,100,Unit Test 2,2026-02-14
Zara Kapoor,English,60,100,Unit Test 3,2026-03-16
Zara Kapoor,Geography,54,100,Unit Test 3,2026-03-16
Zara Kapoor,Mathematics,68,100,Unit Test 3,2026-03-16
Zara Kapoor,History,50,100,Unit Test 3,2026-03-16
Zara Kapoor,Mathematics,72,100,Unit Test 4,2026-04-15
Zara Kapoor,History,44,100,Unit Test 4,2026-04-15
Zara Kapoor,Geography,66,100,Unit Test 4,2026-04-15
Zara Kapoor,English,56,100,Unit Test 4,2026-04-15
Zara Kapoor,English,50,100,Unit Test 5,2026-05-15
Zara Kapoor,Mathematics,76,100,Unit Test 5,2026-05-15
Zara Kapoor,Geography,79,100,Unit Test 5,2026-05-15
Zara Kapoor,History,38,100,Unit Test 5,2026-05-15
Zara Kapoor,Mathematics,81,100,Unit Test 6,2026-06-14
Zara Kapoor,English,44,100,Unit Test 6,2026-06-14
Zara Kapoor,Geography,82,100,Unit Test 6,2026-06-14
Zara Kapoor,History,32,100,Unit Test 6,2026-06-14
